{
  "blocks": {
    "10": {
      "Q_mean": 0,
      "Q_std": 0.0,
      "S_mean": 2.8666666666666667,
      "S_std": 3.852024823141102,
      "T_mean": 3.7646831035614015,
      "T_std": 0.10319050851171366,
      "L_mean": 10,
      "n": 15
    },
    "30": {
      "Q_mean": 0,
      "Q_std": 0.0,
      "S_mean": 1.8,
      "S_std": 0.4140393356054125,
      "T_mean": 3.7547875881195067,
      "T_std": 0.1144986618803056,
      "L_mean": 10,
      "n": 15
    },
    "50": {
      "Q_mean": 1,
      "Q_std": 0.0,
      "S_mean": 2.066666666666667,
      "S_std": 1.0997835284835873,
      "T_mean": 3.746370458602905,
      "T_std": 0.07736416821791606,
      "L_mean": 10,
      "n": 15
    },
    "70": {
      "Q_mean": 1,
      "Q_std": 0.0,
      "S_mean": 1,
      "S_std": 0.0,
      "T_mean": 3.760970401763916,
      "T_std": 0.06645143101976188,
      "L_mean": 10,
      "n": 15
    },
    "100": {
      "Q_mean": 1,
      "Q_std": 0.0,
      "S_mean": 1,
      "S_std": 0.0,
      "T_mean": 3.770734961827596,
      "T_std": 0.07018232576260236,
      "L_mean": 10,
      "n": 15
    }
  },
  "ipc_grid": {
    "10": {
      "Q_mean": 0.9333333333333333,
      "Q_std": 0.25819888974716115,
      "S_mean": 7,
      "S_std": 0.0,
      "T_mean": 1.1895070552825928,
      "T_std": 0.3290818375024589,
      "L_mean": 10.866666666666667,
      "n": 15
    },
    "30": {
      "Q_mean": 0.9333333333333333,
      "Q_std": 0.25819888974716115,
      "S_mean": 7,
      "S_std": 0.0,
      "T_mean": 1.1910837173461915,
      "T_std": 0.3295415885526765,
      "L_mean": 10.866666666666667,
      "n": 15
    },
    "50": {
      "Q_mean": 0.9333333333333333,
      "Q_std": 0.25819888974716115,
      "S_mean": 7,
      "S_std": 0.0,
      "T_mean": 1.1887345631917319,
      "T_std": 0.3288914475181134,
      "L_mean": 10.866666666666667,
      "n": 15
    },
    "70": {
      "Q_mean": 0.9333333333333333,
      "Q_std": 0.25819888974716115,
      "S_mean": 7,
      "S_std": 0.0,
      "T_mean": 1.190932830174764,
      "T_std": 0.3295001593690734,
      "L_mean": 10.866666666666667,
      "n": 15
    },
    "100": {
      "Q_mean": 0.9333333333333333,
      "Q_std": 0.25819888974716115,
      "S_mean": 7,
      "S_std": 0.0,
      "T_mean": 1.1892266432444254,
      "T_std": 0.32902185522678884,
      "L_mean": 10.866666666666667,
      "n": 15
    }
  },
  "logistics": {
    "10": {
      "Q_mean": 1,
      "Q_std": 0.0,
      "S_mean": 10,
      "S_std": 0.0,
      "T_mean": 1.8229652245839436,
      "T_std": 0.004922563074396971,
      "L_mean": 36.53333333333333,
      "n": 15
    },
    "30": {
      "Q_mean": 1,
      "Q_std": 0.0,
      "S_mean": 10,
      "S_std": 0.0,
      "T_mean": 1.8228749275207519,
      "T_std": 0.004857260565928506,
      "L_mean": 36.53333333333333,
      "n": 15
    },
    "50": {
      "Q_mean": 1,
      "Q_std": 0.0,
      "S_mean": 10,
      "S_std": 0.0,
      "T_mean": 1.824601682027181,
      "T_std": 0.007659527289023584,
      "L_mean": 36.53333333333333,
      "n": 15
    },
    "70": {
      "Q_mean": 1,
      "Q_std": 0.0,
      "S_mean": 10,
      "S_std": 0.0,
      "T_mean": 1.8267261028289794,
      "T_std": 0.004949549085592241,
      "L_mean": 36.53333333333333,
      "n": 15
    },
    "100": {
      "Q_mean": 1,
      "Q_std": 0.0,
      "S_mean": 10,
      "S_std": 0.0,
      "T_mean": 1.825153128306071,
      "T_std": 0.00580034221929674,
      "L_mean": 36.53333333333333,
      "n": 15
    }
  },
  "intrusion": {
    "10": {
      "Q_mean": 1,
      "Q_std": 0.0,
      "S_mean": 11.8,
      "S_std": 0.7745966692414834,
      "T_mean": 2.7373987356821696,
      "T_std": 0.022487382567782797,
      "L_mean": 12.133333333333333,
      "n": 15
    },
    "30": {
      "Q_mean": 1,
      "Q_std": 0.0,
      "S_mean": 8.6,
      "S_std": 2.971291205616075,
      "T_mean": 2.7350707054138184,
      "T_std": 0.015487871547932082,
      "L_mean": 12.133333333333333,
      "n": 15
    },
    "50": {
      "Q_mean": 1,
      "Q_std": 0.0,
      "S_mean": 8.6,
      "S_std": 2.971291205616075,
      "T_mean": 2.7391528288523355,
      "T_std": 0.2295495710238071,
      "L_mean": 12.133333333333333,
      "n": 15
    },
    "70": {
      "Q_mean": 1,
      "Q_std": 0.0,
      "S_mean": 5.533333333333333,
      "S_std": 4.763951940903486,
      "T_mean": 3.2207318623860677,
      "T_std": 0.6535095724466697,
      "L_mean": 12.133333333333333,
      "n": 15
    },
    "100": {
      "Q_mean": 1,
      "Q_std": 0.0,
      "S_mean": 2.1333333333333333,
      "S_std": 1.4074631010979937,
      "T_mean": 3.4034806887308755,
      "T_std": 0.4420244203101778,
      "L_mean": 12.133333333333333,
      "n": 15
    }
  },
  "campus": {
    "10": {
      "Q_mean": 1,
      "Q_std": 0.0,
      "S_mean": 2,
      "S_std": 0.0,
      "T_mean": 0.3110296408335368,
      "T_std": 0.001722765078197017,
      "L_mean": 3,
      "n": 15
    },
    "30": {
      "Q_mean": 1,
      "Q_std": 0.0,
      "S_mean": 2,
      "S_std": 0.0,
      "T_mean": 0.31091896692911786,
      "T_std": 0.0025770491562733732,
      "L_mean": 3,
      "n": 15
    },
    "50": {
      "Q_mean": 1,
      "Q_std": 0.0,
      "S_mean": 2,
      "S_std": 0.0,
      "T_mean": 0.3122152010599772,
      "T_std": 0.0009439978741609666,
      "L_mean": 3,
      "n": 15
    },
    "70": {
      "Q_mean": 1,
      "Q_std": 0.0,
      "S_mean": 2,
      "S_std": 0.0,
      "T_mean": 0.311338472366333,
      "T_std": 0.0022435216637994963,
      "L_mean": 3,
      "n": 15
    },
    "100": {
      "Q_mean": 1,
      "Q_std": 0.0,
      "S_mean": 2,
      "S_std": 0.0,
      "T_mean": 0.3112246831258138,
      "T_std": 0.0019355306440080088,
      "L_mean": 3,
      "n": 15
    }
  },
  "kitchen": {
    "10": {
      "Q_mean": 1,
      "Q_std": 0.0,
      "S_mean": 3,
      "S_std": 0.0,
      "T_mean": 0.5179144223531087,
      "T_std": 0.08392090316623373,
      "L_mean": 3,
      "n": 15
    },
    "30": {
      "Q_mean": 1,
      "Q_std": 0.0,
      "S_mean": 3,
      "S_std": 0.0,
      "T_mean": 0.503532886505127,
      "T_std": 0.05362757567785576,
      "L_mean": 3,
      "n": 15
    },
    "50": {
      "Q_mean": 1,
      "Q_std": 0.0,
      "S_mean": 3,
      "S_std": 0.0,
      "T_mean": 0.4960536003112793,
      "T_std": 0.050469032864025085,
      "L_mean": 3,
      "n": 15
    },
    "70": {
      "Q_mean": 1,
      "Q_std": 0.0,
      "S_mean": 3,
      "S_std": 0.0,
      "T_mean": 0.5472791830698649,
      "T_std": 0.09158716371072687,
      "L_mean": 3,
      "n": 15
    },
    "100": {
      "Q_mean": 1,
      "Q_std": 0.0,
      "S_mean": 3,
      "S_std": 0.0,
      "T_mean": 0.5447243531545003,
      "T_std": 0.12205278023899273,
      "L_mean": 3,
      "n": 15
    }
  }
}