{
  "blocks": {
    "10": {
      "Q_mean": 1,
      "Q_std": 0.0,
      "S_mean": 17.8,
      "S_std": 1.3732131246511903,
      "T_mean": 5.327142318089803,
      "T_std": 0.005417778534132271,
      "L_mean": 10,
      "n": 15
    },
    "30": {
      "Q_mean": 1,
      "Q_std": 0.0,
      "S_mean": 9.8,
      "S_std": 3.783422486887463,
      "T_mean": 5.3217594464619955,
      "T_std": 0.009873126720368325,
      "L_mean": 10,
      "n": 15
    },
    "50": {
      "Q_mean": 1,
      "Q_std": 0.0,
      "S_mean": 4.733333333333333,
      "S_std": 1.533747356112131,
      "T_mean": 5.322063159942627,
      "T_std": 0.007879461150270141,
      "L_mean": 10,
      "n": 15
    },
    "70": {
      "Q_mean": 1,
      "Q_std": 0.0,
      "S_mean": 1.8,
      "S_std": 0.4140393356054125,
      "T_mean": 5.691150315602621,
      "T_std": 0.24008865029402782,
      "L_mean": 10,
      "n": 15
    },
    "100": {
      "Q_mean": 1,
      "Q_std": 0.0,
      "S_mean": 1,
      "S_std": 0.0,
      "T_mean": 6.715694077809652,
      "T_std": 0.23377536753395398,
      "L_mean": 10,
      "n": 15
    }
  },
  "ipc_grid": {
    "10": {
      "Q_mean": 0.9333333333333333,
      "Q_std": 0.25819888974716115,
      "S_mean": 7,
      "S_std": 0.0,
      "T_mean": 1.1686688264211018,
      "T_std": 0.3236269743587522,
      "L_mean": 10.866666666666667,
      "n": 15
    },
    "30": {
      "Q_mean": 0.9333333333333333,
      "Q_std": 0.25819888974716115,
      "S_mean": 7,
      "S_std": 0.0,
      "T_mean": 1.170005162556966,
      "T_std": 0.32406221820404424,
      "L_mean": 10.866666666666667,
      "n": 15
    },
    "50": {
      "Q_mean": 0.9333333333333333,
      "Q_std": 0.25819888974716115,
      "S_mean": 7,
      "S_std": 0.0,
      "T_mean": 1.1734536329905192,
      "T_std": 0.3248868060464349,
      "L_mean": 10.866666666666667,
      "n": 15
    },
    "70": {
      "Q_mean": 0.9333333333333333,
      "Q_std": 0.25819888974716115,
      "S_mean": 7,
      "S_std": 0.0,
      "T_mean": 1.1681026299794515,
      "T_std": 0.323500087544937,
      "L_mean": 10.866666666666667,
      "n": 15
    },
    "100": {
      "Q_mean": 0.9333333333333333,
      "Q_std": 0.25819888974716115,
      "S_mean": 7,
      "S_std": 0.0,
      "T_mean": 1.1699108600616455,
      "T_std": 0.32437040791083693,
      "L_mean": 10.866666666666667,
      "n": 15
    }
  },
  "logistics": {
    "10": {
      "Q_mean": 1,
      "Q_std": 0.0,
      "S_mean": 10,
      "S_std": 0.0,
      "T_mean": 1.8098526318868002,
      "T_std": 0.008710600765282,
      "L_mean": 36.53333333333333,
      "n": 15
    },
    "30": {
      "Q_mean": 1,
      "Q_std": 0.0,
      "S_mean": 10,
      "S_std": 0.0,
      "T_mean": 1.8148267110188803,
      "T_std": 0.003778552821574366,
      "L_mean": 36.53333333333333,
      "n": 15
    },
    "50": {
      "Q_mean": 1,
      "Q_std": 0.0,
      "S_mean": 10,
      "S_std": 0.0,
      "T_mean": 1.8113294124603272,
      "T_std": 0.007254476935187441,
      "L_mean": 36.53333333333333,
      "n": 15
    },
    "70": {
      "Q_mean": 1,
      "Q_std": 0.0,
      "S_mean": 10,
      "S_std": 0.0,
      "T_mean": 1.8142158031463622,
      "T_std": 0.004910935237515744,
      "L_mean": 36.53333333333333,
      "n": 15
    },
    "100": {
      "Q_mean": 1,
      "Q_std": 0.0,
      "S_mean": 10,
      "S_std": 0.0,
      "T_mean": 1.8133531888326009,
      "T_std": 0.0075990186917609445,
      "L_mean": 36.53333333333333,
      "n": 15
    }
  },
  "intrusion": {
    "10": {
      "Q_mean": 1,
      "Q_std": 0.0,
      "S_mean": 11.8,
      "S_std": 0.7745966692414834,
      "T_mean": 2.721182680130005,
      "T_std": 0.020698231459705695,
      "L_mean": 12.133333333333333,
      "n": 15
    },
    "30": {
      "Q_mean": 1,
      "Q_std": 0.0,
      "S_mean": 8.6,
      "S_std": 2.971291205616075,
      "T_mean": 2.7407860438028973,
      "T_std": 0.02625198176646732,
      "L_mean": 12.133333333333333,
      "n": 15
    },
    "50": {
      "Q_mean": 1,
      "Q_std": 0.0,
      "S_mean": 8.6,
      "S_std": 2.971291205616075,
      "T_mean": 2.7596631050109863,
      "T_std": 0.043661221074890025,
      "L_mean": 12.133333333333333,
      "n": 15
    },
    "70": {
      "Q_mean": 1,
      "Q_std": 0.0,
      "S_mean": 5.533333333333333,
      "S_std": 4.763951940903486,
      "T_mean": 2.7961737950642904,
      "T_std": 0.06256019422962168,
      "L_mean": 12.133333333333333,
      "n": 15
    },
    "100": {
      "Q_mean": 1,
      "Q_std": 0.0,
      "S_mean": 2.1333333333333333,
      "S_std": 1.4074631010979937,
      "T_mean": 2.950775988896688,
      "T_std": 0.14907180109378657,
      "L_mean": 12.133333333333333,
      "n": 15
    }
  },
  "campus": {
    "10": {
      "Q_mean": 1,
      "Q_std": 0.0,
      "S_mean": 2,
      "S_std": 0.0,
      "T_mean": 0.36274104118347167,
      "T_std": 0.00313717207187704,
      "L_mean": 3,
      "n": 15
    },
    "30": {
      "Q_mean": 1,
      "Q_std": 0.0,
      "S_mean": 2,
      "S_std": 0.0,
      "T_mean": 0.3636567274729411,
      "T_std": 0.0008824939810126837,
      "L_mean": 3,
      "n": 15
    },
    "50": {
      "Q_mean": 1,
      "Q_std": 0.0,
      "S_mean": 2,
      "S_std": 0.0,
      "T_mean": 0.36228318214416505,
      "T_std": 0.0032567125790811877,
      "L_mean": 3,
      "n": 15
    },
    "70": {
      "Q_mean": 1,
      "Q_std": 0.0,
      "S_mean": 2,
      "S_std": 0.0,
      "T_mean": 0.36291748682657876,
      "T_std": 0.001985102668686176,
      "L_mean": 3,
      "n": 15
    },
    "100": {
      "Q_mean": 1,
      "Q_std": 0.0,
      "S_mean": 2,
      "S_std": 0.0,
      "T_mean": 0.3612420717875163,
      "T_std": 0.005120974528882667,
      "L_mean": 3,
      "n": 15
    }
  },
  "kitchen": {
    "10": {
      "Q_mean": 1,
      "Q_std": 0.0,
      "S_mean": 3,
      "S_std": 0.0,
      "T_mean": 0.542400868733724,
      "T_std": 0.004048889273365633,
      "L_mean": 3,
      "n": 15
    },
    "30": {
      "Q_mean": 1,
      "Q_std": 0.0,
      "S_mean": 3,
      "S_std": 0.0,
      "T_mean": 0.5425726095835368,
      "T_std": 0.003156059042845318,
      "L_mean": 3,
      "n": 15
    },
    "50": {
      "Q_mean": 1,
      "Q_std": 0.0,
      "S_mean": 3,
      "S_std": 0.0,
      "T_mean": 0.5439310709635417,
      "T_std": 0.002736619567544827,
      "L_mean": 3,
      "n": 15
    },
    "70": {
      "Q_mean": 1,
      "Q_std": 0.0,
      "S_mean": 3,
      "S_std": 0.0,
      "T_mean": 0.5431787967681885,
      "T_std": 0.0029265970707772087,
      "L_mean": 3,
      "n": 15
    },
    "100": {
      "Q_mean": 1,
      "Q_std": 0.0,
      "S_mean": 3,
      "S_std": 0.0,
      "T_mean": 0.5421113014221192,
      "T_std": 0.003673357105758028,
      "L_mean": 3,
      "n": 15
    }
  }
}